id,code,symbol,locked_name,display_name,category,family,icon_template,users,power_or_def,hit_or_mdef,vigor,speed,stamina,mag_pwr,evade,mblock,elements,status_immunity,relic_effects,weapon_flags,weapon_special,spear_jump_x2,proc_spell,animation,description,source_type,planned_source,reward_id,future_event_symbol,gp_cost,unique,fallback,locked_stats
$100,EQ-W01,EQ_TEMPERED_EDGE,Tempered Edge,TemperedEdge,weapon,sword,$15 Falchion,Terra/Locke/Edgar/Celes,188,150,2,0,0,0,10,0,,,,RUNIC;TWO_HAND;BUSHIDO,NONE,False,none,$15 Falchion,"Tempered Edge, Narshe forge / Raises Vigor and evade",smith_purchase,Narshe forge quest,RW_100,EV_SMITH_NARSHE_TEMPERED_EDGE,18000,True,,Atk 188; Vigor +2; Eva +10
$101,EQ-W02,EQ_IMPERIAL_SABER,Imperial Saber,ImperialSabr,weapon,sword,$13 Enhancer,Celes,205,150,0,0,0,3,0,20,,,,RUNIC;TWO_HAND;BUSHIDO,NONE,False,none,$13 Enhancer,Imperial Saber of Vector / Raises Mag pwr and MBlock,event_chest,Vector Annex chest,RW_101,EV_CHEST_VECTOR_ANNEX_IMPERIAL_SABER,,True,,Atk 205; Magic +3; M.Eva +20
$102,EQ-W03,EQ_LEOS_BLADE,Leo's Blade,Leo's Blade,weapon,sword,$18 Excalibur,Terra/Locke/Edgar/Celes,218,150,3,0,3,0,0,0,attack:HOLY,,,RUNIC;TWO_HAND;BUSHIDO,NONE,False,none,$18 Excalibur,General Leo's sword / Pearl-elemental,quest_reward,Celes arc rare branch,RW_102,EV_REWARD_CELES_ARC_LEOS_BLADE,,True,,Atk 218; Vigor +3; Stamina +3; Holy
$103,EQ-W04,EQ_RAIDER_KNIFE,Raider Knife,Raider Knife,weapon,knife,$04 ThiefKnife,Locke,198,180,0,5,0,0,0,0,,,,RUNIC;TWO_HAND,STEAL,False,none,$04 ThiefKnife,Steals while attacking / Raises Speed,quest_reward,Reconstruction chain,RW_103,EV_REWARD_RECONSTRUCTION_RAIDER_KNIFE,,True,,Atk 198; Speed +5; steal-on-hit
$104,EQ-W05,EQ_SANDPIERCER,Sandpiercer,Sandpiercer,weapon,spear,$20 Partisan,Edgar/Mog,210,150,0,2,0,0,0,0,attack:WIND,,,RUNIC;TWO_HAND,NONE,True,none,$20 Partisan,Wind-elemental spear / Raises Speed,smith_purchase,Figaro Foundry,RW_104,EV_SMITH_FIGARO_SANDPIERCER,20000,True,,Atk 210; Wind; Speed +2
$105,EQ-W06,EQ_DUNCAN_CLAW,Duncan Claw,Duncan Claw,weapon,claw,$59 Tiger Fangs,Sabin,214,200,5,0,3,0,0,0,,,,,NONE,False,none,$59 Tiger Fangs,Master Duncan's claw / Raises Vigor and Stamina,quest_reward,Master's Echo,RW_105,EV_REWARD_MASTERS_ECHO_DUNCAN_CLAW,,True,,Atk 214; Vigor +5; Stamina +3
$106,EQ-W07,EQ_MOONLESS,Moonless,Moonless,weapon,ninja blade,$28 Hardened,Shadow,216,180,0,7,0,0,30,0,,,,RUNIC;TWO_HAND,NONE,False,none,$28 Hardened,A blade for moonless nights / Raises Speed and evade,event_chest,Bandit's Hollow,RW_106,EV_CHEST_BANDITS_HOLLOW_MOONLESS,,True,,Atk 216; Speed +7; Eva +30
$107,EQ-W08,EQ_DOMA_EDGE,Doma Edge,Doma Edge,weapon,katana,$32 Sky Render,Cyan,222,150,5,0,4,0,0,0,,,,RUNIC;TWO_HAND;BUSHIDO,NONE,False,none,$32 Sky Render,Katana of rebuilt Doma / Raises Vigor and Stamina,smith_purchase,Doma rebuilt smith,RW_107,EV_SMITH_DOMA_DOMA_EDGE,24000,True,,Atk 222; Vigor +5; Stamina +4
$108,EQ-W09,EQ_DARILLS_DIRK,Darill's Dirk,Darill'sDirk,weapon,knife,$08 Graedus,Locke/Setzer,202,180,0,4,0,0,20,0,,,,RUNIC;TWO_HAND,NONE,False,none,$08 Graedus,"Darill's Dirk, sky-forged / Raises Speed and evade",event_chest,Sky Graveyard,RW_108,EV_CHEST_SKY_GRAVEYARD_DARILLS_DIRK,,True,,Atk 202; Speed +4; Eva +20
$109,EQ-W10,EQ_MAGISTER_ROD,Magister Rod,Magister Rod,weapon,rod,$3C Magus Rod,Strago/Relm,190,135,0,0,0,7,0,20,,,,TWO_HAND,NONE,False,none,$3C Magus Rod,Rod of the First Magi / Raises Mag pwr and MBlock,event_chest,Forgotten Age,RW_109,EV_CHEST_FORGOTTEN_AGE_MAGISTER_ROD,,True,,Atk 190; Magic +7; M.Eva +20
$10A,EQ-W11,EQ_CONCORD_BRUSH,Concord Brush,ConcordBrush,weapon,brush,$40 Rainbow Brsh,Relm,184,135,0,3,0,7,0,0,,,,TWO_HAND,NONE,False,none,$40 Rainbow Brsh,Brush of the Concord shrine / Raises Mag pwr and Speed,event_chest,Sanctuary of Concord,RW_10A,EV_CHEST_SANCTUARY_CONCORD_BRUSH,,True,,Atk 184; Magic +7; Speed +3
$10B,EQ-W12,EQ_GALE_LANCE,Gale Lance,Gale Lance,weapon,spear,$23 Aura Lance,Edgar/Mog,218,150,0,4,0,0,0,0,attack:WIND,,,RUNIC;TWO_HAND,NONE,True,none,$23 Aura Lance,Wind-elemental lance / Raises Speed,quest_reward,Beacon quest,RW_10B,EV_REWARD_BEACON_GALE_LANCE,,True,,Atk 218; Wind; Speed +4
$10C,EQ-W13,EQ_ECHO_DAGGER,Echo Dagger,Echo Dagger,weapon,knife,$06 Man Eater,Gogo,200,180,3,3,0,3,0,0,,,,RUNIC;TWO_HAND,NONE,False,none,$06 Man Eater,"Dagger that echoes skills / Vigor, Mag pwr, Speed up",event_chest,Cradle of Silence,RW_10C,EV_CHEST_CRADLE_OF_SILENCE_ECHO_DAGGER,,True,,Atk 200; Vigor/Magic/Speed +3
$10D,EQ-A01,EQ_ROYAL_GEAR,Royal Gear,Royal Gear,armor,body,$9A Genji Armor,Edgar/Sabin,84,60,4,2,3,0,0,0,null:FIRE,,,,,False,none,,"Royal armor of Figaro / Nulls fire, Vigor up",boss_reward,Brass Colossus (Figaro arc),RW_10D,EV_BOSS_BRASS_COLOSSUS_ROYAL_GEAR,,True,,Def 84; MDef 60; Vig +4; Spd +2; Sta +3; Fire null
$10E,EQ-A02,EQ_IMPERIAL_MANTLE,Imperial Mantle,ImperialMntl,armor,body,$91 Light Robe,Terra/Celes,78,72,0,0,0,4,0,20,,,,,,False,none,,Imperial Mantle / Raises Mag pwr and MBlock,arc_reward_tbd,arc design (Armor sheet: not specified),RW_10E,EV_ARC_REWARD_IMPERIAL_MANTLE,,True,,Def 78; MDef 72; Mag +4; M.Eva +20
$10F,EQ-A03,EQ_MAGISTER_ROBE,Magister Robe,MagisterRobe,armor,body,$97 Tao Robe,Terra/Celes/Strago/Relm/Gogo,70,82,0,0,0,6,0,0,,,MP_PLUS_12,,,False,none,,"Robe of the First Magi / Mag pwr up, MP up by 1/8",boss_reward,Archive Guardian (First Magi),RW_10F,EV_BOSS_ARCHIVE_GUARDIAN_MAGISTER_ROBE,,True,,Def 70; MDef 82; Mag +6; MP-oriented
$110,EQ-A04,EQ_ASHEN_MAIL,Ashen Mail,Ashen Mail,armor,body,$98 Crystal Mail,Cyan/Edgar/Setzer,88,52,0,0,0,0,0,0,absorb:FIRE;weak:ICE,,,,,False,none,,"Mail forged in ash / Absorbs fire, weak to ice",arc_reward_tbd,arc design (Armor sheet: not specified),RW_110,EV_ARC_REWARD_ASHEN_MAIL,,True,,Def 88; MDef 52; Fire absorb; Ice weak
$111,EQ-A05,EQ_CONCORD_VEST,Concord Vest,Concord Vest,armor,body,$96 Dark Gear,Locke/Shadow/Mog/Gau/Gogo,76,62,0,4,0,0,20,0,,,,,,False,none,,Light vest of Concord / Raises Speed and evade,arc_reward_tbd,arc design (Armor sheet: not specified),RW_111,EV_ARC_REWARD_CONCORD_VEST,,True,,Def 76; MDef 62; Spd +4; Eva +20
$112,EQ-A06,EQ_DOMA_PLATE,Doma Plate,Doma Plate,armor,body,$95 DiamondArmor,Terra/Cyan/Edgar/Celes,92,58,0,0,5,0,0,0,,,,,,False,none,,Heavy plate of Doma / Raises Stamina,arc_reward_tbd,arc design (Armor sheet: not specified),RW_112,EV_ARC_REWARD_DOMA_PLATE,,True,,Def 92; MDef 58; Sta +5
$113,EQ-A07,EQ_FALCON_JACKET,Falcon Jacket,FalconJacket,armor,body,$8E Mirage Vest,Locke/Shadow/Setzer,74,60,0,5,0,0,0,0,half:WIND,,,,,False,none,,"Falcon Jacket / Raises Speed, halves wind",arc_reward_tbd,arc design (Armor sheet: not specified),RW_113,EV_ARC_REWARD_FALCON_JACKET,,True,,Def 74; MDef 60; Spd +5; Wind resist
$114,EQ-A08,EQ_CHILDS_RIBBON,Child's Ribbon,ChildsRibbon,helmet,helmet,$70 Coronet,Terra/Celes/Relm,34,38,0,0,3,3,0,0,,BLIND;POISON;SILENCE;SLEEP,,,,False,none,,Child's Ribbon / Wards Dark/Poison/Mute/Sleep,arc_reward_tbd,arc design (Armor sheet: not specified),RW_114,EV_ARC_REWARD_CHILDS_RIBBON,,True,,Def 34; MDef 38; Mag +3; Sta +3; status resist subset
$115,EQ-A09,EQ_DOMA_KABUTO,Doma Kabuto,Doma Kabuto,helmet,helmet,$7C Diamond Helm,Cyan,42,32,4,0,4,0,0,0,,,,,,False,none,,Helm of Doma's knights / Raises Vigor and Stamina,arc_reward_tbd,arc design (Armor sheet: not specified),RW_115,EV_ARC_REWARD_DOMA_KABUTO,,True,,Def 42; MDef 32; Vig +4; Sta +4
$116,EQ-A10,EQ_ENGINEER_GOGGLES,Engineer Goggles,Eng. Goggles,helmet,helmet,$7C Diamond Helm,Edgar/Setzer,36,30,0,2,0,0,0,0,,BLIND,,,,False,none,,"Engineer Goggles / Prevents Dark, Speed up",arc_reward_tbd,arc design (Armor sheet: not specified),RW_116,EV_ARC_REWARD_ENGINEER_GOGGLES,,True,,Def 36; MDef 30; Blind immunity; Spd +2
$117,EQ-A11,EQ_MAGI_CIRCLET,Magi Circlet,Magi Circlet,helmet,helmet,$79 Mystery Veil,Terra/Celes/Strago/Relm/Gogo,36,44,0,0,0,5,0,10,,,,,,False,none,,Circlet of the Magi / Raises Mag pwr and MBlock,arc_reward_tbd,arc design (Armor sheet: not specified),RW_117,EV_ARC_REWARD_MAGI_CIRCLET,,True,,Def 36; MDef 44; Mag +5; M.Eva +10
$118,EQ-A12,EQ_CONCORD_SHIELD,Concord Shield,Concord Shld,shield,shield,$64 Genji Shld,Terra/Locke/Cyan/Shadow/Edgar/Sabin/Celes/Strago/Relm/Setzer/Mog/Gogo,54,48,0,0,0,0,20,20,half:HOLY,,,,,False,none,,Concord Shield / Halves Pearl damage,arc_reward_tbd,arc design (Armor sheet: not specified),RW_118,EV_ARC_REWARD_CONCORD_SHIELD,,True,,Def 54; MDef 48; Eva +20; M.Eva +20; Holy resist
$119,EQ-A13,EQ_ASHGUARD,Ashguard,Ashguard,shield,shield,$63 Crystal Shld,Terra/Cyan/Edgar/Celes/Setzer,58,42,0,0,0,0,0,0,absorb:FIRE;weak:ICE,,,,,False,none,,"Shield forged in ash / Absorbs fire, weak to ice",arc_reward_tbd,arc design (Armor sheet: not specified),RW_119,EV_ARC_REWARD_ASHGUARD,,True,,Def 58; MDef 42; Fire absorb; Ice weak
$11A,EQ-R01,EQ_RUNIC_CREST,Runic Crest,Runic Crest,relic,relic,$B0 Goggles,Celes,0,0,0,0,0,5,0,20,,,,,,False,none,,Celes' crest of the Runic / Raises Mag pwr and MBlock,boss_reward,Celes arc (Magitek Praetor),RW_11A,EV_BOSS_MAGITEK_PRAETOR_RUNIC_CREST,,True,enhanced Runic (custom ASM),"Mag +5; M.Eva +20; enhanced Runic (ASM, optional)"
$11B,EQ-R02,EQ_MADUINS_LOCKET,Maduin's Locket,MaduinLocket,relic,relic,$B0 Goggles,Terra,0,0,0,0,3,6,0,0,,,MP_PLUS_25,,,False,none,,"Maduin's Locket / Mag pwr up, MP up by 1/4",boss_reward,Terra arc (Magi-Eater),RW_11B,EV_BOSS_MAGI_EATER_MADUINS_LOCKET,,True,longer Trance (custom ASM),"Mag +6; Sta +3; longer Trance (ASM, optional)"
$11C,EQ-R03,EQ_DOMA_CREST,Doma Crest,Doma Crest,relic,relic,$B0 Goggles,Cyan,0,0,5,2,5,0,0,0,,,,,,False,none,,"Crest of Doma / Raises Vigor, Stamina, Speed",boss_reward,Cyan arc (Miasma Regent),RW_11C,EV_BOSS_MIASMA_REGENT_DOMA_CREST,,True,faster Bushido charge (custom ASM),"Vig +5; Sta +5; Spd +2; faster Bushido (ASM, optional)"
$11D,EQ-R04,EQ_KEEPSAKE_RING,Keepsake Ring,KeepsakeRing,relic,relic,$B0 Goggles,Shadow/Relm,0,0,0,3,0,3,0,0,,CONDEMNED;ZOMBIE;DEAD,,,,False,none,,"Keepsake Ring / Blocks Doom, Zombie, death",boss_reward,Shadow/Relm arc (Guiltshade),RW_11D,EV_BOSS_GUILTSHADE_KEEPSAKE_RING,,True,,blocks Doom/Zombie/instant death; Mag +3; Spd +3
$11E,EQ-R05,EQ_DARILLS_COIN,Darill's Coin,Darill'sCoin,relic,relic,$B0 Goggles,Setzer,0,0,0,5,0,0,0,20,,,,,,False,none,,Darill's Coin / Raises Speed and MBlock,boss_reward,Setzer arc (Sky Reaver),RW_11E,EV_BOSS_SKY_REAVER_DARILLS_COIN,,True,improved Slots (custom ASM),"Spd +5; M.Eva +20; improved Slots (ASM, optional)"
$11F,EQ-R06,EQ_MEMORIAL_BAND,Memorial Band,MemorialBand,relic,relic,$B0 Goggles,Terra/Locke/Cyan/Shadow/Edgar/Sabin/Celes/Strago/Relm/Setzer/Mog/Gau/Gogo/Umaro,0,0,0,0,4,0,0,0,,BERSERK;CONFUSE,,,,False,none,,"Memorial Band, Stamina up / Blocks Berserk and Muddle",quest_reward,Vector memorial,RW_11F,EV_REWARD_VECTOR_MEMORIAL_BAND,,True,,Sta +4; prevents Berserk/Confuse
$120,EQ-R07,EQ_GALE_PIN,Gale Pin,Gale Pin,relic,relic,$B0 Goggles,Terra/Locke/Cyan/Shadow/Edgar/Sabin/Celes/Strago/Relm/Setzer/Mog/Gau/Gogo/Umaro,0,0,0,3,0,0,0,0,half:WIND,,,,,False,none,,Raises Speed / Halves wind damage,quest_reward,Coast beacon,RW_120,EV_REWARD_COAST_BEACON_GALE_PIN,,True,,Spd +3; Wind resistance
$121,EQ-R08,EQ_BEASTHEART,Beastheart,Beastheart,relic,relic,$B0 Goggles,Gau,0,0,4,0,4,0,0,0,,,,,,False,none,,Heart of the Veldt / Raises Vigor and Stamina,quest_reward,Gau side content,RW_121,EV_REWARD_GAU_SIDE_BEASTHEART,,True,Rage enhancement (custom ASM),"Vig +4; Sta +4; Rage enhancement (ASM, optional)"
$122,EQ-R09,EQ_PAINTERS_LENS,Painter's Lens,PaintersLens,relic,relic,$B0 Goggles,Relm,0,0,0,0,0,5,0,0,,,INC_SKETCH_RATE,,,False,none,,"Painter's Lens, Mag pwr up / Raises Sketch success rate",quest_reward,Relm extension,RW_122,EV_REWARD_RELM_EXTENSION_PAINTERS_LENS,,True,,Mag +5; Sketch accuracy increase
$123,EQ-R10,EQ_ELDERS_SEAL,Elder's Seal,Elder's Seal,relic,relic,$B0 Goggles,Strago,0,0,0,0,0,5,0,0,,SILENCE,MP_PLUS_12,,,False,none,,"Mag pwr up, MP up by 1/8 / Prevents Mute",quest_reward,Ancient lore,RW_123,EV_REWARD_ANCIENT_LORE_ELDERS_SEAL,,True,,Mag +5; MP +12.5%; Silence immunity
$124,EQ-R11,EQ_ENGINEERS_BADGE,Engineer's Badge,Eng. Badge,relic,relic,$B0 Goggles,Edgar,0,0,3,3,0,0,0,0,,,,,,False,none,,Engineer's Badge / Raises Vigor and Speed,quest_reward,Figaro,RW_124,EV_REWARD_FIGARO_ENGINEERS_BADGE,,True,Tools damage +10% (custom ASM),"Vig +3; Spd +3; Tools +10% (ASM, optional)"
$125,EQ-R12,EQ_MASTERS_CORD,Master's Cord,Master'sCord,relic,relic,$B0 Goggles,Sabin,0,0,5,0,5,0,0,0,,,,,,False,none,,Master's Cord / Raises Vigor and Stamina,quest_reward,Duncan,RW_125,EV_REWARD_DUNCAN_MASTERS_CORD,,True,Blitz damage +10% (custom ASM),"Vig +5; Sta +5; Blitz +10% (ASM, optional)"
$126,EQ-R13,EQ_LEGACY_OF_THE_MAGI,Legacy of the Magi,LegacyofMagi,relic,relic,$B0 Goggles,Terra/Celes/Strago/Relm/Gogo,0,0,0,0,0,7,0,30,,,MP_PLUS_25,,,False,none,,"Legacy of the Magi / Mag pwr, MBlock, MP 1/4 up",boss_reward,Vael Unbound (superboss),RW_126,EV_BOSS_VAEL_UNBOUND_LEGACY_OF_THE_MAGI,,True,,Mag +7; M.Eva +30; MP +25%
